opcode,operand_a,operand_b,coverage_gain,predicted_gain
5,30,10,0.4,0.3734999999999996
6,25,5,0.35,0.3300000000000004
7,18,9,0.25,0.2775
1,20,3,0.3,0.2505000000000003
2,15,7,0.2,0.18799999999999975
4,12,6,0.15,0.1400000000000001
0,10,5,0.1,0.11499999999999994
3,8,2,0.05,0.08199999999999993
